date_utc,block,asset,market,supply_apy,borrow_apy,utilization,supplied_usd,borrowed_usd
2026-09-11,25950637,DAI,aave v3,0.030558,0.047812,0.859444,133023352,114326159
2026-09-11,25950637,DAI,spark,0.024898,0.041264,0.676597,307855362,208294008
2026-09-11,25950637,PYUSD,aave v3,0.039806,0.050418,0.881799,7583421,6687054
2026-09-11,25950637,PYUSD,spark,0.006157,0.039817,0.174671,100000274,17467129
2026-09-11,25950637,USDC,aave v3,0.035993,0.043817,0.916214,2365301370,2167122369
2026-09-11,25950637,USDC,compound v3,0.041342,0.050363,0.902538,375479534,338884556
2026-09-11,25950637,USDC,spark,0.036054,0.043607,0.922127,26210574,24169483
2026-09-11,25950637,USDS,aave v3,0.001487,0.056849,0.035823,9388524,336325
2026-09-11,25950637,USDS,compound v3,0.031181,0.039451,0.852915,1884573,1607395
2026-09-11,25950637,USDS,spark,0.023455,0.040041,0.656186,980127272,643145941
2026-09-11,25950637,USDT,aave v3,0.035581,0.043565,0.911041,3035594281,2765550372
2026-09-11,25950637,USDT,compound v3,0.031629,0.039799,0.864981,180191904,155862765
2026-09-11,25950637,USDT,spark,0.034526,0.040844,0.942224,327521817,308598921
2026-09-11,25950637,USDe,aave v3,0.009581,0.064248,0.204193,644376303,131576851
2026-09-11,25950637,WETH,aave v3,0.014598,0.020660,0.833769,5182950640,4321383474
2026-09-11,25950637,WETH,compound v3,0.013049,0.018776,0.648249,123504512,80062244
2026-09-11,25950637,WETH,spark,0.014903,0.019646,0.800381,1333040874,1066940615
2026-09-12,25957811,DAI,aave v3,0.030973,0.048138,0.865198,132461958,114605821
2026-09-12,25957811,DAI,spark,0.024898,0.041264,0.676605,307844916,208289322
2026-09-12,25957811,PYUSD,aave v3,0.039538,0.050267,0.878559,7590050,6668306
2026-09-12,25957811,PYUSD,spark,0.006157,0.039817,0.174689,100000688,17468998
2026-09-12,25957811,USDC,aave v3,0.036240,0.043968,0.919305,2362870978,2172198785
2026-09-12,25957811,USDC,compound v3,0.032841,0.040741,0.897581,378533496,339764467
2026-09-12,25957811,USDC,spark,0.036055,0.043608,0.922150,26220498,24179233
2026-09-12,25957811,USDS,aave v3,0.001490,0.056850,0.035902,9369858,336393
2026-09-12,25957811,USDS,compound v3,0.032039,0.040118,0.876019,1835159,1607646
2026-09-12,25957811,USDS,spark,0.023455,0.040041,0.656191,1020629502,669728244
2026-09-12,25957811,USDT,aave v3,0.032284,0.041489,0.868519,3174334572,2756969645
2026-09-12,25957811,USDT,compound v3,0.031855,0.039975,0.871057,179020807,155937693
2026-09-12,25957811,USDT,spark,0.034526,0.040844,0.942234,328621838,309638616
2026-09-12,25957811,USDe,aave v3,0.008323,0.063942,0.178320,639306403,114001431
2026-09-12,25957811,WETH,aave v3,0.014620,0.020676,0.834433,5325546290,4443814141
2026-09-12,25957811,WETH,compound v3,0.013059,0.018778,0.648729,126685784,82185230
2026-09-12,25957811,WETH,spark,0.014538,0.019179,0.799749,1373115423,1098147672
